trip_id,start_time,end_time,headway_secs
1034D2I,7:15:00,8:00:00,2700
1034D2I,8:00:00,8:49:00,1470
1034D2I,8:49:00,23:00:00,821
1034D2I,23:00:00,23:50:00,3000
1034D2I,23:50:00,24:40:00,3000
1034D2I,24:40:00,25:30:00,3000
1034D2V,6:50:00,7:35:00,2700
1034D2V,7:35:00,8:23:00,1440
1034D2V,8:23:00,22:35:00,837
1034D2V,22:35:00,23:25:00,3000
1034D2V,23:25:00,24:15:00,3000
1034D2V,24:15:00,25:05:00,3000
1034D0I,5:55:00,6:25:00,1800
1034D0I,6:25:00,8:08:00,773
1034D0I,8:08:00,20:59:00,487
1034D0I,20:59:00,22:15:00,640
1034D0I,22:15:00,23:00:00,2700
1034D0I,23:00:00,23:50:00,3000
1034D0I,23:50:00,24:40:00,3000
1034D0I,24:40:00,25:30:00,3000
1034D0V,5:30:00,6:00:00,1800
1034D0V,6:00:00,7:56:00,773
1034D0V,7:56:00,8:05:00,1080
1034D0V,8:05:00,8:13:00,240
1034D0V,8:13:00,8:28:00,900
1034D0V,8:28:00,8:35:00,420
1034D0V,8:35:00,21:04:00,494
1034D0V,21:04:00,22:15:00,710
1034D0V,22:15:00,22:35:00,1200
1034D0V,22:35:00,23:25:00,3000
1034D0V,23:25:00,24:15:00,3000
1034D0V,24:15:00,25:05:00,3000
1034D1I,5:55:00,6:42:00,2820
1034D1I,6:42:00,7:54:00,2160
1034D1I,7:54:00,8:30:00,1080
1034D1I,8:30:00,23:00:00,715
1034D1I,23:00:00,27:10:00,1500
1034D1V,5:30:00,6:17:00,2820
1034D1V,6:17:00,7:27:00,2100
1034D1V,7:27:00,8:03:00,1080
1034D1V,8:03:00,9:15:00,864
1034D1V,9:15:00,9:26:00,1320
1034D1V,9:26:00,9:37:00,660
1034D1V,9:37:00,23:00:00,730
1034D1V,23:00:00,26:45:00,1500
1016D2I,7:40:00,8:20:00,2400
1016D2I,8:20:00,12:56:00,1380
1016D2I,12:56:00,22:05:00,1063
1016D2I,22:05:00,22:30:00,1500
1016D2V,7:40:00,8:20:00,2400
1016D2V,8:20:00,12:56:00,1380
1016D2V,12:56:00,22:05:00,1063
1016D2V,22:05:00,22:30:00,1500
1016D0I,6:30:00,6:48:00,1080
1016D0I,6:48:00,7:32:00,880
1016D0I,7:32:00,8:00:00,840
1016D0I,8:00:00,8:08:00,1020
1016D0I,8:08:00,8:17:00,540
1016D0I,8:17:00,8:33:00,960
1016D0I,8:33:00,8:42:00,1020
1016D0I,8:42:00,8:51:00,540
1016D0I,8:51:00,14:41:00,488
1016D0I,14:41:00,21:50:00,677
1016D0I,21:50:00,22:20:00,900
1016D0V,6:30:00,6:48:00,1080
1016D0V,6:48:00,7:32:00,880
1016D0V,7:32:00,8:00:00,840
1016D0V,8:00:00,8:08:00,1020
1016D0V,8:08:00,8:17:00,540
1016D0V,8:17:00,8:33:00,960
1016D0V,8:33:00,8:42:00,1020
1016D0V,8:42:00,8:51:00,540
1016D0V,8:51:00,14:41:00,488
1016D0V,14:41:00,21:50:00,677
1016D0V,21:50:00,22:20:00,900
1016D1I,7:00:00,7:47:00,2820
1016D1I,7:47:00,8:33:00,1380
1016D1I,8:33:00,11:23:00,1133
1016D1I,11:23:00,11:39:00,1860
1016D1I,11:39:00,11:55:00,960
1016D1I,11:55:00,22:25:00,971
1016D1V,7:00:00,7:47:00,2820
1016D1V,7:47:00,8:33:00,1380
1016D1V,8:33:00,11:23:00,1133
1016D1V,11:23:00,11:39:00,1860
1016D1V,11:39:00,11:55:00,960
1016D1V,11:55:00,22:25:00,971
1017D2I,7:11:00,8:06:00,3300
1017D2I,8:06:00,22:25:00,921
1017D2I,22:25:00,23:20:00,3300
1017D2I,23:20:00,24:25:00,3900
1017D2I,24:25:00,25:30:00,3900
1017D2V,6:45:00,7:40:00,3300
1017D2V,7:40:00,9:41:00,1037
1017D2V,9:41:00,9:54:00,1500
1017D2V,9:54:00,10:07:00,780
1017D2V,10:07:00,22:50:00,950
1017D2V,22:50:00,23:55:00,3900
1017D2V,23:55:00,25:00:00,3900
1017D0I,6:18:00,6:50:00,1920
1017D0I,6:50:00,7:34:00,1320
1017D0I,7:34:00,21:45:00,601
1017D0I,21:45:00,22:15:00,900
1017D0I,22:15:00,23:20:00,3900
1017D0I,23:20:00,24:25:00,3900
1017D0I,24:25:00,25:30:00,3900
1017D0V,5:50:00,6:20:00,1800
1017D0V,6:20:00,7:00:00,1200
1017D0V,7:00:00,7:59:00,708
1017D0V,7:59:00,8:08:00,1080
1017D0V,8:08:00,8:16:00,480
1017D0V,8:16:00,8:51:00,700
1017D0V,8:51:00,9:00:00,1020
1017D0V,9:00:00,9:09:00,540
1017D0V,9:09:00,19:27:00,589
1017D0V,19:27:00,19:37:00,1200
1017D0V,19:37:00,19:47:00,600
1017D0V,19:47:00,21:13:00,737
1017D0V,21:13:00,22:50:00,1005
1017D0V,22:50:00,23:55:00,3900
1017D0V,23:55:00,25:00:00,3900
1017D1I,6:31:00,7:01:00,1800
1017D1I,7:01:00,8:45:00,1560
1017D1I,8:45:00,23:20:00,847
1017D1I,23:20:00,27:05:00,1950
1017D1V,6:05:00,6:35:00,1800
1017D1V,6:35:00,8:15:00,1500
1017D1V,8:15:00,9:26:00,1065
1017D1V,9:26:00,9:39:00,1620
1017D1V,9:39:00,9:52:00,780
1017D1V,9:52:00,16:37:00,900
1017D1V,16:37:00,16:49:00,1440
1017D1V,16:49:00,17:01:00,720
1017D1V,17:01:00,22:50:00,805
1017D1V,22:50:00,27:10:00,1929
1005D2I,6:35:00,7:45:00,4200
1005D2I,7:45:00,8:12:00,1620
1005D2I,8:12:00,22:20:00,1158
1005D2V,7:10:00,8:00:00,3000
1005D2V,8:00:00,22:15:00,1165
1005D0I,5:30:00,6:00:00,1800
1005D0I,6:00:00,6:51:00,1020
1005D0I,6:51:00,7:48:00,684
1005D0I,7:48:00,8:04:00,1440
1005D0I,8:04:00,8:13:00,1020
1005D0I,8:13:00,8:22:00,540
1005D0I,8:22:00,8:40:00,1080
1005D0I,8:40:00,8:49:00,1080
1005D0I,8:49:00,8:58:00,540
1005D0I,8:58:00,21:35:00,622
1005D0I,21:35:00,22:25:00,960
1005D0V,5:45:00,6:05:00,1200
1005D0V,6:05:00,7:33:00,754
1005D0V,7:33:00,7:53:00,1200
1005D0V,7:53:00,8:03:00,600
1005D0V,8:03:00,22:20:00,609
1005D1I,5:40:00,6:20:00,2400
1005D1I,6:20:00,7:20:00,1800
1005D1I,7:20:00,9:57:00,1047
1005D1I,9:57:00,10:10:00,1560
1005D1I,10:10:00,10:24:00,840
1005D1I,10:24:00,22:15:00,942
1005D1V,5:45:00,6:22:00,2220
1005D1V,6:22:00,7:19:00,1710
1005D1V,7:19:00,18:22:00,995
1005D1V,18:22:00,18:37:00,1800
1005D1V,18:37:00,18:52:00,900
1005D1V,18:52:00,22:15:00,915
964D2I,7:25:00,8:11:00,2760
964D2I,8:11:00,23:00:00,997
964D2I,23:00:00,23:55:00,3300
964D2I,23:55:00,24:50:00,3300
964D2I,24:50:00,25:40:00,3000
964D2V,7:00:00,7:47:00,2820
964D2V,7:47:00,22:35:00,1015
964D2V,22:35:00,23:25:00,3000
964D2V,23:25:00,24:20:00,3300
964D2V,24:20:00,25:15:00,3300
964D0I,6:05:00,6:30:00,1500
964D0I,6:30:00,7:35:00,1300
964D0I,7:35:00,23:00:00,752
964D0I,23:00:00,23:55:00,3300
964D0I,23:55:00,24:50:00,3300
964D0I,24:50:00,25:40:00,3000
964D0V,5:40:00,6:05:00,1500
964D0V,6:05:00,7:06:00,1220
964D0V,7:06:00,8:37:00,910
964D0V,8:37:00,8:49:00,1380
964D0V,8:49:00,9:01:00,720
964D0V,9:01:00,19:51:00,736
964D0V,19:51:00,20:05:00,1680
964D0V,20:05:00,20:20:00,900
964D0V,20:20:00,22:35:00,863
964D0V,22:35:00,23:25:00,3000
964D0V,23:25:00,24:20:00,3300
964D0V,24:20:00,25:15:00,3300
964D1I,6:25:00,6:49:00,1440
964D1I,6:49:00,8:41:00,1344
964D1I,8:41:00,21:36:00,861
964D1I,21:36:00,23:00:00,1180
964D1I,23:00:00,23:55:00,3300
964D1I,23:55:00,24:50:00,3300
964D1I,24:50:00,25:40:00,3000
964D1I,25:40:00,26:30:00,3000
964D1I,26:30:00,27:20:00,3000
964D1V,6:00:00,6:25:00,1500
964D1V,6:25:00,8:14:00,1308
964D1V,8:14:00,22:30:00,875
964D1V,22:30:00,23:25:00,3300
964D1V,23:25:00,24:20:00,3300
964D1V,24:20:00,25:15:00,3300
964D1V,25:15:00,26:05:00,3000
964D1V,26:05:00,26:55:00,3000
1019D2I,7:15:00,7:40:00,1500
1019D2I,7:40:00,8:42:00,1240
1019D2I,8:42:00,22:50:00,796
1019D2I,22:50:00,23:40:00,3000
1019D2I,23:40:00,24:30:00,3000
1019D2I,24:30:00,25:20:00,3000
1019D2V,7:15:00,7:40:00,1500
1019D2V,7:40:00,8:20:00,1200
1019D2V,8:20:00,22:25:00,804
1019D2V,22:25:00,23:15:00,3000
1019D2V,23:15:00,24:05:00,3000
1019D2V,24:05:00,24:55:00,3000
1019D2V,24:55:00,25:45:00,3000
1019D0I,5:50:00,6:16:00,1560
1019D0I,6:16:00,22:50:00,639
1019D0I,22:50:00,23:40:00,3000
1019D0I,23:40:00,24:30:00,3000
1019D0I,24:30:00,25:20:00,3000
1019D0V,5:50:00,6:20:00,1800
1019D0V,6:20:00,7:26:00,990
1019D0V,7:26:00,7:55:00,870
1019D0V,7:55:00,8:04:00,1080
1019D0V,8:04:00,8:14:00,600
1019D0V,8:14:00,18:00:00,676
1019D0V,18:00:00,18:11:00,1260
1019D0V,18:11:00,18:21:00,600
1019D0V,18:21:00,22:25:00,605
1019D0V,22:25:00,23:15:00,3000
1019D0V,23:15:00,24:05:00,3000
1019D0V,24:05:00,24:55:00,3000
1019D0V,24:55:00,25:45:00,3000
1019D1I,7:00:00,7:25:00,1500
1019D1I,7:25:00,8:31:00,1320
1019D1I,8:31:00,20:48:00,776
1019D1I,20:48:00,20:57:00,1080
1019D1I,20:57:00,21:06:00,540
1019D1I,21:06:00,22:50:00,593
1019D1I,22:50:00,23:40:00,3000
1019D1I,23:40:00,24:30:00,3000
1019D1I,24:30:00,25:20:00,3000
1019D1I,25:20:00,26:10:00,3000
1019D1I,26:10:00,27:00:00,3000
1019D1V,6:35:00,7:00:00,1500
1019D1V,7:00:00,8:05:00,1300
1019D1V,8:05:00,9:24:00,948
1019D1V,9:24:00,9:36:00,1440
1019D1V,9:36:00,9:48:00,720
1019D1V,9:48:00,18:37:00,794
1019D1V,18:37:00,18:48:00,1380
1019D1V,18:48:00,19:00:00,720
1019D1V,19:00:00,22:25:00,650
1019D1V,22:25:00,23:15:00,3000
1019D1V,23:15:00,24:05:00,3000
1019D1V,24:05:00,24:55:00,3000
1019D1V,24:55:00,25:45:00,3000
1019D1V,25:45:00,26:35:00,3000
922D2I,6:40:00,7:20:00,2400
922D2I,7:20:00,8:10:00,1500
922D2I,8:10:00,22:40:00,885
922D2I,22:40:00,23:10:00,1800
922D2I,23:10:00,25:30:00,2100
922D2V,6:05:00,6:45:00,2400
922D2V,6:45:00,8:03:00,1560
922D2V,8:03:00,11:14:00,955
922D2V,11:14:00,11:27:00,1560
922D2V,11:27:00,11:40:00,780
922D2V,11:40:00,17:17:00,963
922D2V,17:17:00,17:30:00,1560
922D2V,17:30:00,17:44:00,840
922D2V,17:44:00,19:43:00,893
922D2V,19:43:00,19:54:00,1380
922D2V,19:54:00,20:05:00,660
922D2V,20:05:00,22:40:00,775
922D2V,22:40:00,23:15:00,2100
922D2V,23:15:00,26:10:00,2100
922D0I,6:15:00,6:42:00,1620
922D0I,6:42:00,7:20:00,1140
922D0I,7:20:00,23:10:00,600
922D0I,23:10:00,25:30:00,2100
922D0V,5:40:00,6:05:00,1500
922D0V,6:05:00,7:04:00,885
922D0V,7:04:00,8:12:00,583
922D0V,8:12:00,8:28:00,1440
922D0V,8:28:00,8:37:00,1020
922D0V,8:37:00,8:46:00,540
922D0V,8:46:00,19:29:00,576
922D0V,19:29:00,19:37:00,960
922D0V,19:37:00,19:45:00,480
922D0V,19:45:00,20:10:00,750
922D0V,20:10:00,20:19:00,1020
922D0V,20:19:00,20:28:00,540
922D0V,20:28:00,22:40:00,660
922D0V,22:40:00,23:15:00,2100
922D0V,23:15:00,26:10:00,2100
922D1I,6:15:00,6:52:00,2220
922D1I,6:52:00,7:46:00,1620
922D1I,7:46:00,8:14:00,840
922D1I,8:14:00,14:51:00,681
922D1I,14:51:00,23:10:00,855
922D1I,23:10:00,27:15:00,2100
922D1V,5:40:00,6:18:00,2280
922D1V,6:18:00,7:10:00,1560
922D1V,7:10:00,8:15:00,975
922D1V,8:15:00,13:42:00,654
922D1V,13:42:00,21:29:00,876
922D1V,21:29:00,21:44:00,1740
922D1V,21:44:00,21:58:00,840
922D1V,21:58:00,23:15:00,1155
922D1V,23:15:00,27:10:00,2050
923D2I,7:25:00,8:05:00,2400
923D2I,8:05:00,8:59:00,1620
923D2I,8:59:00,22:50:00,1075
923D2I,22:50:00,23:30:00,2400
923D2I,23:30:00,24:10:00,2400
923D2I,24:10:00,24:50:00,2400
923D2I,24:50:00,25:30:00,2400
923D2V,6:45:00,7:25:00,2400
923D2V,7:25:00,8:20:00,1650
923D2V,8:20:00,20:09:00,1150
923D2V,20:09:00,20:25:00,1860
923D2V,20:25:00,20:41:00,960
923D2V,20:41:00,22:50:00,891
923D2V,22:50:00,23:30:00,2400
923D2V,23:30:00,24:10:00,2400
923D2V,24:10:00,24:50:00,2400
923D2V,24:50:00,25:30:00,2400
923D0I,6:40:00,7:05:00,1500
923D0I,7:05:00,7:45:00,1200
923D0I,7:45:00,19:39:00,691
923D0I,19:39:00,19:49:00,1140
923D0I,19:49:00,19:59:00,600
923D0I,19:59:00,22:50:00,651
923D0I,22:50:00,23:30:00,2400
923D0I,23:30:00,24:10:00,2400
923D0I,24:10:00,24:50:00,2400
923D0I,24:50:00,25:30:00,2400
923D0V,6:00:00,6:25:00,1500
923D0V,6:25:00,9:05:00,800
923D0V,9:05:00,9:17:00,1380
923D0V,9:17:00,9:29:00,720
923D0V,9:29:00,19:54:00,682
923D0V,19:54:00,20:04:00,1200
923D0V,20:04:00,20:14:00,600
923D0V,20:14:00,22:10:00,758
923D0V,22:10:00,22:50:00,2400
923D0V,22:50:00,23:30:00,2400
923D0V,23:30:00,24:10:00,2400
923D0V,24:10:00,24:50:00,2400
923D0V,24:50:00,25:30:00,2400
923D1I,6:35:00,7:25:00,3000
923D1I,7:25:00,8:13:00,1440
923D1I,8:13:00,22:10:00,965
923D1I,22:10:00,22:50:00,2400
923D1I,22:50:00,23:30:00,2400
923D1I,23:30:00,24:10:00,2400
923D1I,24:10:00,24:50:00,2400
923D1I,24:50:00,25:30:00,2400
923D1I,25:30:00,26:15:00,2700
923D1I,26:15:00,27:00:00,2700
923D1V,6:40:00,7:15:00,2100
923D1V,7:15:00,8:23:00,1360
923D1V,8:23:00,9:04:00,1230
923D1V,9:04:00,9:17:00,1560
923D1V,9:17:00,9:30:00,390
923D1V,9:30:00,9:56:00,1560
923D1V,9:56:00,10:09:00,780
923D1V,10:09:00,21:36:00,1005
923D1V,21:36:00,21:51:00,1740
923D1V,21:51:00,22:05:00,840
923D1V,22:05:00,22:50:00,900
923D1V,22:50:00,23:30:00,2400
923D1V,23:30:00,24:10:00,2400
923D1V,24:10:00,24:50:00,2400
923D1V,24:50:00,25:30:00,2400
923D1V,25:30:00,26:15:00,2700
923D1V,26:15:00,27:00:00,2700
1020D2I,7:40:00,8:20:00,2400
1020D2I,8:20:00,9:15:00,1650
1020D2I,9:15:00,22:25:00,1130
1020D2V,7:00:00,7:40:00,2400
1020D2V,7:40:00,8:37:00,1710
1020D2V,8:37:00,22:20:00,1149
1020D0I,6:25:00,6:45:00,1200
1020D0I,6:45:00,7:40:00,825
1020D0I,7:40:00,7:58:00,1080
1020D0I,7:58:00,8:16:00,1620
1020D0I,8:16:00,8:26:00,1140
1020D0I,8:26:00,8:36:00,600
1020D0I,8:36:00,15:41:00,607
1020D0I,15:41:00,15:50:00,1080
1020D0I,15:50:00,15:59:00,540
1020D0I,15:59:00,21:17:00,636
1020D0I,21:17:00,21:55:00,1140
1020D0I,21:55:00,22:20:00,1500
1020D0V,5:45:00,6:04:00,1140
1020D0V,6:04:00,8:09:00,833
1020D0V,8:09:00,8:19:00,1200
1020D0V,8:19:00,8:29:00,600
1020D0V,8:29:00,21:40:00,633
1020D0V,21:40:00,22:15:00,900
1020D1I,6:25:00,7:05:00,2400
1020D1I,7:05:00,8:06:00,1830
1020D1I,8:06:00,22:10:00,893
1020D1V,5:45:00,6:25:00,2400
1020D1V,6:25:00,7:27:00,1860
1020D1V,7:27:00,9:35:00,1097
1020D1V,9:35:00,9:50:00,1740
1020D1V,9:50:00,10:05:00,900
1020D1V,10:05:00,22:10:00,900
827D0I,7:10:00,7:40:00,1800
827D0I,7:40:00,22:15:00,927
827D0V,6:35:00,7:00:00,1500
827D0V,7:00:00,8:55:00,986
827D0V,8:55:00,9:09:00,1620
827D0V,9:09:00,9:23:00,840
827D0V,9:23:00,21:15:00,929
827D0V,21:15:00,22:10:00,1500
1021D2I,7:45:00,8:30:00,2700
1021D2I,8:30:00,22:15:00,1043
1021D2V,7:20:00,8:05:00,2700
1021D2V,8:05:00,22:15:00,1047
1021D0I,7:15:00,7:40:00,1500
1021D0I,7:40:00,22:10:00,889
1021D0V,6:45:00,7:10:00,1500
1021D0V,7:10:00,21:45:00,905
1021D0V,21:45:00,22:10:00,1500
1021D1I,7:45:00,8:15:00,1800
1021D1I,8:15:00,22:00:00,1100
1021D1I,22:00:00,22:25:00,1500
1021D1V,7:20:00,8:05:00,2700
1021D1V,8:05:00,22:25:00,1089
983D0I,6:35:00,7:10:00,2100
983D0I,7:10:00,7:59:00,1470
983D0I,7:59:00,19:53:00,808
983D0I,19:53:00,20:06:00,1500
983D0I,20:06:00,20:19:00,780
983D0I,20:19:00,22:25:00,825
983D0I,22:25:00,23:10:00,2700
983D0I,23:10:00,24:15:00,3900
983D0I,24:15:00,25:20:00,3900
983D0V,6:00:00,6:34:00,2040
983D0V,6:34:00,7:21:00,1410
983D0V,7:21:00,22:40:00,808
983D0V,22:40:00,23:45:00,3900
983D0V,23:45:00,24:50:00,3900
983D0V,24:50:00,25:55:00,3900
983D1I,7:35:00,8:00:00,1500
983D1I,8:00:00,22:05:00,1127
983D1I,22:05:00,23:10:00,1800
983D1I,23:10:00,24:15:00,3900
983D1I,24:15:00,25:20:00,3900
983D1I,25:20:00,26:25:00,3900
983D1I,26:25:00,27:30:00,3900
983D1V,7:00:00,7:25:00,1500
983D1V,7:25:00,21:40:00,1140
983D1V,21:40:00,22:05:00,2580
983D1V,22:05:00,22:40:00,2100
983D1V,22:40:00,23:45:00,3900
983D1V,23:45:00,24:50:00,3900
983D1V,24:50:00,25:55:00,3900
983D1V,25:55:00,27:00:00,3900
1022D2I,7:00:00,7:51:00,3060
1022D2I,7:51:00,19:12:00,950
1022D2I,19:12:00,22:10:00,712
1022D2I,22:10:00,23:05:00,1650
1022D2I,23:05:00,25:15:00,2000
1022D2V,6:30:00,7:35:00,3900
1022D2V,7:35:00,19:19:00,918
1022D2V,19:19:00,19:41:00,1320
1022D2V,19:41:00,19:52:00,660
1022D2V,19:52:00,22:00:00,698
1022D2V,22:00:00,22:35:00,2100
1022D2V,22:35:00,25:20:00,1950
1022D0I,6:05:00,6:31:00,1560
1022D0I,6:31:00,8:25:00,855
1022D0I,8:25:00,19:21:00,562
1022D0I,19:21:00,19:29:00,960
1022D0I,19:29:00,19:37:00,480
1022D0I,19:37:00,21:35:00,644
1022D0I,21:35:00,21:55:00,1200
1022D0I,21:55:00,23:05:00,1400
1022D0I,23:05:00,25:15:00,2000
1022D0V,5:35:00,6:00:00,1500
1022D0V,6:00:00,6:47:00,1410
1022D0V,6:47:00,6:59:00,1440
1022D0V,6:59:00,7:10:00,660
1022D0V,7:10:00,8:27:00,660
1022D0V,8:27:00,8:37:00,1200
1022D0V,8:37:00,8:47:00,600
1022D0V,8:47:00,19:35:00,572
1022D0V,19:35:00,19:46:00,1260
1022D0V,19:46:00,19:57:00,660
1022D0V,19:57:00,22:35:00,862
1022D0V,22:35:00,23:10:00,2100
1022D0V,23:10:00,25:20:00,1900
1022D1I,6:05:00,7:10:00,3900
1022D1I,7:10:00,8:16:00,1980
1022D1I,8:16:00,23:05:00,821
1022D1I,23:05:00,27:00:00,2000
1022D1V,5:35:00,6:37:00,3720
1022D1V,6:37:00,7:44:00,2010
1022D1V,7:44:00,9:21:00,970
1022D1V,9:21:00,9:33:00,1500
1022D1V,9:33:00,9:46:00,780
1022D1V,9:46:00,23:10:00,832
1022D1V,23:10:00,27:00:00,1950
1012D0I,6:30:00,7:00:00,1800
1012D0I,7:00:00,21:45:00,880
1012D0I,21:45:00,22:25:00,2400
1012D0V,6:35:00,7:00:00,1500
1012D0V,7:00:00,17:31:00,806
1012D0V,17:31:00,21:50:00,1110
1012D0V,21:50:00,22:20:00,1800
930D2I,7:35:00,8:03:00,1680
930D2I,8:03:00,8:34:00,930
930D2I,8:34:00,19:49:00,862
930D2I,19:49:00,19:59:00,1200
930D2I,19:59:00,20:10:00,660
930D2I,20:10:00,22:40:00,643
930D2I,22:40:00,23:00:00,1200
930D2I,23:00:00,23:40:00,2400
930D2I,23:40:00,24:20:00,2400
930D2I,24:20:00,25:00:00,2400
930D2I,25:00:00,25:40:00,2400
930D2V,7:00:00,7:32:00,1920
930D2V,7:32:00,19:50:00,868
930D2V,19:50:00,20:01:00,1260
930D2V,20:01:00,20:12:00,660
930D2V,20:12:00,23:00:00,637
930D2V,23:00:00,23:40:00,2400
930D2V,23:40:00,24:20:00,2400
930D2V,24:20:00,25:00:00,2400
930D2V,25:00:00,25:40:00,2400
930D0I,6:15:00,6:35:00,1200
930D0I,6:35:00,8:08:00,797
930D0I,8:08:00,8:17:00,1020
930D0I,8:17:00,8:26:00,540
930D0I,8:26:00,19:43:00,597
930D0I,19:43:00,19:51:00,960
930D0I,19:51:00,20:01:00,600
930D0I,20:01:00,22:30:00,596
930D0I,22:30:00,23:00:00,1800
930D0I,23:00:00,23:40:00,2400
930D0I,23:40:00,24:20:00,2400
930D0I,24:20:00,25:00:00,2400
930D0I,25:00:00,25:40:00,2400
930D0V,6:00:00,6:16:00,960
930D0V,6:16:00,7:33:00,770
930D0V,7:33:00,7:43:00,1200
930D0V,7:43:00,7:52:00,540
930D0V,7:52:00,8:28:00,720
930D0V,8:28:00,8:37:00,1080
930D0V,8:37:00,8:46:00,540
930D0V,8:46:00,19:50:00,604
930D0V,19:50:00,19:58:00,960
930D0V,19:58:00,20:07:00,540
930D0V,20:07:00,22:10:00,615
930D0V,22:10:00,23:00:00,900
930D0V,23:00:00,23:40:00,2400
930D0V,23:40:00,24:20:00,2400
930D0V,24:20:00,25:00:00,2400
930D0V,25:00:00,25:40:00,2400
930D1I,6:35:00,7:10:00,2100
930D1I,7:10:00,8:04:00,1620
930D1I,8:04:00,22:20:00,695
930D1I,22:20:00,23:00:00,2400
930D1I,23:00:00,23:40:00,2400
930D1I,23:40:00,24:20:00,2400
930D1I,24:20:00,25:00:00,2400
930D1I,25:00:00,25:40:00,2400
930D1I,25:40:00,26:20:00,2400
930D1I,26:20:00,27:00:00,2400
930D1V,6:00:00,6:35:00,2100
930D1V,6:35:00,7:30:00,1650
930D1V,7:30:00,9:11:00,606
930D1V,9:11:00,9:31:00,1200
930D1V,9:31:00,9:41:00,600
930D1V,9:41:00,15:41:00,720
930D1V,15:41:00,15:52:00,1320
930D1V,15:52:00,16:03:00,660
930D1V,16:03:00,21:04:00,722
930D1V,21:04:00,21:16:00,1440
930D1V,21:16:00,21:28:00,720
930D1V,21:28:00,22:40:00,864
930D1V,22:40:00,23:00:00,1200
930D1V,23:00:00,23:40:00,2400
930D1V,23:40:00,24:20:00,2400
930D1V,24:20:00,25:00:00,2400
930D1V,25:00:00,25:40:00,2400
930D1V,25:40:00,26:20:00,2400
930D1V,26:20:00,27:00:00,2400
860D2I,7:10:00,7:57:00,2820
860D2I,7:57:00,8:34:00,1110
860D2I,8:34:00,19:14:00,800
860D2I,19:14:00,19:25:00,1320
860D2I,19:25:00,19:36:00,660
860D2I,19:36:00,22:30:00,746
860D2I,22:30:00,23:00:00,1800
860D2I,23:00:00,23:50:00,3000
860D2I,23:50:00,24:40:00,3000
860D2I,24:40:00,25:30:00,3000
860D2V,6:50:00,7:35:00,2700
860D2V,7:35:00,8:35:00,1200
860D2V,8:35:00,9:32:00,855
860D2V,9:32:00,9:42:00,1200
860D2V,9:42:00,9:52:00,600
860D2V,9:52:00,22:25:00,791
860D2V,22:25:00,23:25:00,3600
860D2V,23:25:00,24:15:00,3000
860D2V,24:15:00,25:05:00,3000
860D0I,5:45:00,6:10:00,1500
860D0I,6:10:00,6:48:00,1140
860D0I,6:48:00,22:25:00,461
860D0I,22:25:00,23:00:00,2100
860D0I,23:00:00,23:50:00,3000
860D0I,23:50:00,24:40:00,3000
860D0I,24:40:00,25:30:00,3000
860D0V,5:20:00,6:10:00,3000
860D0V,6:10:00,7:31:00,608
860D0V,7:31:00,7:45:00,1260
860D0V,7:45:00,7:58:00,1200
860D0V,7:58:00,8:05:00,840
860D0V,8:05:00,8:12:00,420
860D0V,8:12:00,8:38:00,520
860D0V,8:38:00,8:44:00,720
860D0V,8:44:00,8:50:00,360
860D0V,8:50:00,12:03:00,414
860D0V,12:03:00,12:10:00,840
860D0V,12:10:00,12:17:00,420
860D0V,12:17:00,22:15:00,492
860D0V,22:15:00,22:35:00,1200
860D0V,22:35:00,23:25:00,3000
860D0V,23:25:00,24:15:00,3000
860D0V,24:15:00,25:05:00,3000
860D1I,5:45:00,6:35:00,3000
860D1I,6:35:00,7:48:00,2190
860D1I,7:48:00,8:27:00,1170
860D1I,8:27:00,23:00:00,624
860D1I,23:00:00,27:10:00,1500
860D1V,5:20:00,6:10:00,3000
860D1V,6:10:00,7:24:00,2220
860D1V,7:24:00,8:03:00,1170
860D1V,8:03:00,8:49:00,690
860D1V,8:49:00,8:58:00,1080
860D1V,8:58:00,9:07:00,540
860D1V,9:07:00,16:19:00,682
860D1V,16:19:00,16:28:00,1140
860D1V,16:28:00,16:37:00,540
860D1V,16:37:00,20:29:00,605
860D1V,20:29:00,20:37:00,960
860D1V,20:37:00,20:45:00,480
860D1V,20:45:00,23:00:00,579
860D1V,23:00:00,26:45:00,1500
1028D2I,7:50:00,8:21:00,1860
1028D2I,8:21:00,22:20:00,1043
1028D2V,7:10:00,7:48:00,2280
1028D2V,7:48:00,22:20:00,1046
1028D0I,6:40:00,7:10:00,1800
1028D0I,7:10:00,22:20:00,676
1028D0V,6:00:00,6:28:00,1680
1028D0V,6:28:00,7:03:00,1050
1028D0V,7:03:00,8:24:00,810
1028D0V,8:24:00,8:36:00,1440
1028D0V,8:36:00,8:48:00,720
1028D0V,8:48:00,9:10:00,1320
1028D0V,9:10:00,9:21:00,1320
1028D0V,9:21:00,9:32:00,660
1028D0V,9:32:00,10:26:00,810
1028D0V,10:26:00,10:36:00,1260
1028D0V,10:36:00,10:46:00,600
1028D0V,10:46:00,22:20:00,658
1028D1I,7:40:00,8:00:00,1200
1028D1I,8:00:00,22:20:00,1139
1028D1V,7:15:00,7:50:00,2100
1028D1V,7:50:00,8:45:00,1650
1028D1V,8:45:00,10:36:00,1332
1028D1V,10:36:00,10:53:00,2040
1028D1V,10:53:00,11:11:00,1080
1028D1V,11:11:00,22:20:00,1136
935D2I,8:00:00,8:23:00,1380
935D2I,8:23:00,22:30:00,922
935D2V,8:00:00,8:25:00,1500
935D2V,8:25:00,22:25:00,928
935D0I,6:52:00,7:14:00,1320
935D0I,7:14:00,8:25:00,852
935D0I,8:25:00,22:00:00,661
935D0I,22:00:00,22:25:00,1500
935D0V,6:30:00,6:50:00,1200
935D0V,6:50:00,8:05:00,750
935D0V,8:05:00,8:42:00,740
935D0V,8:42:00,8:51:00,1080
935D0V,8:51:00,9:01:00,600
935D0V,9:01:00,22:00:00,668
935D0V,22:00:00,22:15:00,900
935D1I,7:35:00,8:05:00,1800
935D1I,8:05:00,22:25:00,802
935D1V,7:10:00,7:40:00,1800
935D1V,7:40:00,9:01:00,972
935D1V,9:01:00,9:13:00,1440
935D1V,9:13:00,9:25:00,720
935D1V,9:25:00,22:25:00,790
1030D2I,8:05:00,8:22:00,1020
1030D2I,8:22:00,22:25:00,1177
1030D2V,7:40:00,8:00:00,1200
1030D2V,8:00:00,22:20:00,1173
1030D0I,7:00:00,7:14:00,840
1030D0I,7:14:00,22:15:00,826
1030D0V,6:45:00,7:10:00,1500
1030D0V,7:10:00,8:41:00,910
1030D0V,8:41:00,8:52:00,1320
1030D0V,8:52:00,9:03:00,660
1030D0V,9:03:00,12:11:00,868
1030D0V,12:11:00,12:23:00,1380
1030D0V,12:23:00,12:35:00,720
1030D0V,12:35:00,20:34:00,845
1030D0V,20:34:00,22:10:00,1140
1030D1I,7:45:00,8:03:00,1080
1030D1I,8:03:00,22:20:00,933
1030D1V,7:20:00,7:40:00,1200
1030D1V,7:40:00,22:15:00,933
966D2I,7:30:00,8:12:00,2520
966D2I,8:12:00,22:20:00,924
966D2I,22:20:00,23:15:00,3300
966D2I,23:15:00,24:15:00,3600
966D2I,24:15:00,25:15:00,3600
966D2V,7:00:00,7:45:00,2700
966D2V,7:45:00,22:45:00,921
966D2V,22:45:00,23:45:00,3600
966D2V,23:45:00,24:45:00,3600
966D0I,6:35:00,7:03:00,1680
966D0I,7:03:00,7:40:00,1110
966D0I,7:40:00,19:18:00,607
966D0I,19:18:00,19:28:00,1200
966D0I,19:28:00,19:38:00,600
966D0I,19:38:00,22:30:00,600
966D0I,22:30:00,23:15:00,2700
966D0I,23:15:00,24:15:00,3600
966D0I,24:15:00,25:15:00,3600
966D0V,6:10:00,6:34:00,1440
966D0V,6:34:00,7:05:00,930
966D0V,7:05:00,8:45:00,600
966D0V,8:45:00,8:53:00,960
966D0V,8:53:00,9:01:00,480
966D0V,9:01:00,22:30:00,622
966D0V,22:30:00,22:45:00,900
966D0V,22:45:00,23:45:00,3600
966D0V,23:45:00,24:45:00,3600
966D1I,7:07:00,7:34:00,1620
966D1I,7:34:00,8:42:00,1360
966D1I,8:42:00,23:15:00,818
966D1I,23:15:00,27:15:00,1800
966D1V,6:40:00,7:05:00,1500
966D1V,7:05:00,8:12:00,1340
966D1V,8:12:00,9:31:00,948
966D1V,9:31:00,9:43:00,1440
966D1V,9:43:00,9:55:00,720
966D1V,9:55:00,22:45:00,825
966D1V,22:45:00,26:45:00,1800
967D2I,8:00:00,8:35:00,2100
967D2I,8:35:00,9:25:00,1500
967D2I,9:25:00,23:00:00,1040
967D2I,23:00:00,25:20:00,2100
967D2V,7:30:00,8:05:00,2100
967D2V,8:05:00,8:53:00,1440
967D2V,8:53:00,19:27:00,1153
967D2V,19:27:00,19:42:00,1800
967D2V,19:42:00,19:56:00,840
967D2V,19:56:00,23:05:00,872
967D2V,23:05:00,25:25:00,2100
967D0I,6:00:00,6:40:00,2400
967D0I,6:40:00,7:17:00,1110
967D0I,7:17:00,19:21:00,724
967D0I,19:21:00,19:30:00,1140
967D0I,19:30:00,19:39:00,540
967D0I,19:39:00,22:25:00,711
967D0I,22:25:00,23:00:00,2100
967D0I,23:00:00,25:20:00,2100
967D0V,6:30:00,6:55:00,1500
967D0V,6:55:00,9:01:00,756
967D0V,9:01:00,9:11:00,1200
967D0V,9:11:00,9:22:00,660
967D0V,9:22:00,23:05:00,748
967D0V,23:05:00,25:25:00,2100
967D1I,7:05:00,7:35:00,1800
967D1I,7:35:00,8:21:00,1380
967D1I,8:21:00,23:00:00,1014
967D1I,23:00:00,27:05:00,2100
967D1V,6:35:00,7:45:00,4200
967D1V,7:45:00,8:15:00,1800
967D1V,8:15:00,21:20:00,1024
967D1V,21:20:00,21:35:00,1800
967D1V,21:35:00,21:50:00,900
967D1V,21:50:00,22:30:00,1200
967D1V,22:30:00,23:05:00,2100
967D1V,23:05:00,26:35:00,2100
1031D2I,7:00:00,7:40:00,2400
1031D2I,7:40:00,8:40:00,1800
1031D2I,8:40:00,19:51:00,959
1031D2I,19:51:00,20:05:00,1620
1031D2I,20:05:00,20:19:00,840
1031D2I,20:19:00,22:45:00,807
1031D2I,22:45:00,23:25:00,2400
1031D2I,23:25:00,24:10:00,2700
1031D2I,24:10:00,24:50:00,2400
1031D2I,24:50:00,25:35:00,2700
1031D2V,7:00:00,7:40:00,2400
1031D2V,7:40:00,8:45:00,1950
1031D2V,8:45:00,9:32:00,1410
1031D2V,9:32:00,9:47:00,1800
1031D2V,9:47:00,10:02:00,900
1031D2V,10:02:00,19:53:00,958
1031D2V,19:53:00,20:05:00,1440
1031D2V,20:05:00,20:17:00,720
1031D2V,20:17:00,22:45:00,787
1031D2V,22:45:00,23:30:00,2700
1031D2V,23:30:00,24:10:00,2400
1031D2V,24:10:00,24:55:00,2700
1031D2V,24:55:00,25:35:00,2400
1031D0I,6:00:00,6:30:00,1800
1031D0I,6:30:00,7:02:00,960
1031D0I,7:02:00,8:06:00,768
1031D0I,8:06:00,8:17:00,1260
1031D0I,8:17:00,8:28:00,660
1031D0I,8:28:00,9:08:00,800
1031D0I,9:08:00,9:18:00,1140
1031D0I,9:18:00,9:27:00,540
1031D0I,9:27:00,19:47:00,689
1031D0I,19:47:00,19:56:00,1080
1031D0I,19:56:00,20:06:00,600
1031D0I,20:06:00,21:50:00,693
1031D0I,21:50:00,22:45:00,900
1031D0I,22:45:00,23:25:00,2400
1031D0I,23:25:00,24:10:00,2700
1031D0I,24:10:00,24:50:00,2400
1031D0I,24:50:00,25:35:00,2700
1031D0V,5:30:00,5:57:00,1620
1031D0V,5:57:00,7:28:00,1092
1031D0V,7:28:00,8:01:00,990
1031D0V,8:01:00,8:11:00,1260
1031D0V,8:11:00,8:22:00,660
1031D0V,8:22:00,19:48:00,698
1031D0V,19:48:00,20:00:00,1380
1031D0V,20:00:00,20:12:00,720
1031D0V,20:12:00,22:45:00,698
1031D0V,22:45:00,23:30:00,2700
1031D0V,23:30:00,24:10:00,2400
1031D0V,24:10:00,24:55:00,2700
1031D0V,24:55:00,25:35:00,2400
1031D1I,6:00:00,6:38:00,2280
1031D1I,6:38:00,7:36:00,1740
1031D1I,7:36:00,8:25:00,980
1031D1I,8:25:00,9:23:00,870
1031D1I,9:23:00,9:34:00,1320
1031D1I,9:34:00,9:45:00,660
1031D1I,9:45:00,21:24:00,777
1031D1I,21:24:00,21:36:00,1440
1031D1I,21:36:00,21:49:00,780
1031D1I,21:49:00,22:20:00,930
1031D1I,22:20:00,22:45:00,1500
1031D1I,22:45:00,23:25:00,2400
1031D1I,23:25:00,24:10:00,2700
1031D1I,24:10:00,24:50:00,2400
1031D1I,24:50:00,25:35:00,2700
1031D1I,25:35:00,26:15:00,2400
1031D1I,26:15:00,27:00:00,2700
1031D1V,6:00:00,6:42:00,2520
1031D1V,6:42:00,7:36:00,1620
1031D1V,7:36:00,21:22:00,787
1031D1V,21:22:00,21:35:00,1560
1031D1V,21:35:00,21:48:00,780
1031D1V,21:48:00,22:20:00,960
1031D1V,22:20:00,22:45:00,1500
1031D1V,22:45:00,23:30:00,2700
1031D1V,23:30:00,24:10:00,2400
1031D1V,24:10:00,24:55:00,2700
1031D1V,24:55:00,25:35:00,2400
1031D1V,25:35:00,26:20:00,2700
1031D1V,26:20:00,27:00:00,2400
1007D2I,6:30:00,7:10:00,2400
1007D2I,7:10:00,9:44:00,1155
1007D2I,9:44:00,10:14:00,1800
1007D2I,10:14:00,10:29:00,1800
1007D2I,10:29:00,10:44:00,900
1007D2I,10:44:00,22:15:00,1086
1007D2V,7:05:00,7:35:00,1800
1007D2V,7:35:00,22:10:00,1090
1007D0I,5:25:00,6:05:00,2400
1007D0I,6:05:00,6:51:00,1380
1007D0I,6:51:00,8:39:00,648
1007D0I,8:39:00,8:48:00,1080
1007D0I,8:48:00,8:56:00,240
1007D0I,8:56:00,9:12:00,960
1007D0I,9:12:00,9:21:00,540
1007D0I,9:21:00,22:20:00,622
1007D0V,6:05:00,6:25:00,1200
1007D0V,6:25:00,7:56:00,910
1007D0V,7:56:00,8:16:00,1200
1007D0V,8:16:00,8:26:00,1200
1007D0V,8:26:00,8:36:00,600
1007D0V,8:36:00,22:25:00,613
1007D1I,5:25:00,6:35:00,4200
1007D1I,6:35:00,7:16:00,2460
1007D1I,7:16:00,8:43:00,870
1007D1I,8:43:00,22:20:00,856
1007D1V,6:00:00,6:40:00,2400
1007D1V,6:40:00,8:00:00,1600
1007D1V,8:00:00,8:45:00,900
1007D1V,8:45:00,8:56:00,1320
1007D1V,8:56:00,9:07:00,660
1007D1V,9:07:00,21:33:00,861
1007D1V,21:33:00,22:20:00,1320
970D2I,3:45:00,4:19:00,2040
970D2I,4:19:00,5:44:00,1700
970D2I,5:44:00,22:15:00,870
970D2I,22:15:00,22:55:00,2400
970D2I,22:55:00,23:35:00,2400
970D2I,23:35:00,24:15:00,2400
970D2I,24:15:00,24:55:00,2400
970D2I,24:55:00,25:35:00,2400
970D2V,3:29:00,4:03:00,2040
970D2V,4:03:00,5:28:00,1700
970D2V,5:28:00,19:37:00,910
970D2V,19:37:00,19:49:00,1440
970D2V,19:49:00,20:01:00,720
970D2V,20:01:00,22:40:00,795
970D2V,22:40:00,23:15:00,2100
970D2V,23:15:00,23:55:00,2400
970D2V,23:55:00,24:35:00,2400
970D2V,24:35:00,25:15:00,2400
970D2V,25:15:00,25:55:00,2400
970D0I,3:44:00,4:01:00,1020
970D0I,4:01:00,22:15:00,773
970D0I,22:15:00,22:55:00,2400
970D0I,22:55:00,23:35:00,2400
970D0I,23:35:00,24:15:00,2400
970D0I,24:15:00,24:55:00,2400
970D0I,24:55:00,25:35:00,2400
970D0V,3:28:00,3:45:00,1020
970D0V,3:45:00,19:46:00,812
970D0V,19:46:00,19:56:00,1200
970D0V,19:56:00,20:06:00,600
970D0V,20:06:00,22:25:00,642
970D0V,22:25:00,23:15:00,900
970D0V,23:15:00,23:55:00,2400
970D0V,23:55:00,24:35:00,2400
970D0V,24:35:00,25:15:00,2400
970D0V,25:15:00,25:55:00,2400
970D1I,3:44:00,4:01:00,1020
970D1I,4:01:00,22:55:00,957
970D1I,22:55:00,23:35:00,2400
970D1I,23:35:00,24:15:00,2400
970D1I,24:15:00,24:55:00,2400
970D1I,24:55:00,25:35:00,2400
970D1I,25:35:00,26:15:00,2400
970D1I,26:15:00,27:00:00,2700
970D1V,3:28:00,3:45:00,1020
970D1V,3:45:00,22:40:00,959
970D1V,22:40:00,23:15:00,2100
970D1V,23:15:00,23:55:00,2400
970D1V,23:55:00,24:35:00,2400
970D1V,24:35:00,25:15:00,2400
970D1V,25:15:00,25:55:00,2400
970D1V,25:55:00,26:35:00,2400
970D1V,26:35:00,27:15:00,2400
963D2I,8:00:00,25:30:00,1189
963D2V,7:30:00,26:00:00,1189
962D0I,12:07:00,15:29:00,638
962D0V,7:30:00,9:02:00,613
963D0I,7:05:00,25:30:00,737
963D0V,6:30:00,26:00:00,780
963D1I,7:30:00,27:30:00,1143
963D1V,7:00:00,27:00:00,1125
996D2I,7:33:00,8:08:00,2100
996D2I,8:08:00,9:02:00,1620
996D2I,9:02:00,22:13:00,1247
996D2V,7:15:00,7:50:00,2100
996D2V,7:50:00,8:44:00,1620
996D2V,8:44:00,22:30:00,1249
996D0I,6:35:00,7:00:00,1500
996D0I,7:00:00,20:48:00,753
996D0I,20:48:00,22:25:00,1240
996D0V,6:20:00,6:55:00,2100
996D0V,6:55:00,21:09:00,743
996D0V,21:09:00,22:10:00,1230
996D1I,6:48:00,7:23:00,2100
996D1I,7:23:00,8:21:00,1740
996D1I,8:21:00,8:35:00,840
996D1I,8:35:00,21:26:00,873
996D1I,21:26:00,22:25:00,1200
996D1V,6:30:00,7:05:00,2100
996D1V,7:05:00,8:00:00,1650
996D1V,8:00:00,22:25:00,891
651D2I,8:13:00,8:51:00,2280
651D2I,8:51:00,22:20:00,1271
651D2V,8:00:00,8:31:00,1860
651D2V,8:31:00,22:20:00,1269
651D0I,7:00:00,7:45:00,2700
651D0I,7:45:00,22:15:00,1000
651D0V,6:45:00,7:25:00,2400
651D0V,7:25:00,22:15:00,986
651D1I,7:17:00,7:54:00,2220
651D1I,7:54:00,8:36:00,1260
651D1I,8:36:00,21:52:00,901
651D1I,21:52:00,22:15:00,1380
651D1V,7:00:00,7:35:00,2100
651D1V,7:35:00,8:14:00,1170
651D1V,8:14:00,22:15:00,909
945D2I,7:20:00,8:05:00,2700
945D2I,8:05:00,23:00:00,961
945D2I,23:00:00,23:50:00,3000
945D2I,23:50:00,24:40:00,3000
945D2I,24:40:00,25:30:00,3000
945D2V,7:00:00,7:42:00,2520
945D2V,7:42:00,19:29:00,1035
945D2V,19:29:00,19:43:00,1620
945D2V,19:43:00,19:57:00,840
945D2V,19:57:00,22:40:00,798
945D2V,22:40:00,23:30:00,3000
945D2V,23:30:00,24:20:00,3000
945D2V,24:20:00,25:10:00,3000
945D0I,6:15:00,6:50:00,2100
945D0I,6:50:00,8:25:00,633
945D0I,8:25:00,15:49:00,493
945D0I,15:49:00,22:00:00,602
945D0I,22:00:00,22:15:00,900
945D0I,22:15:00,23:00:00,2700
945D0I,23:00:00,23:50:00,3000
945D0I,23:50:00,24:40:00,3000
945D0I,24:40:00,25:30:00,3000
945D0V,6:00:00,6:30:00,1800
945D0V,6:30:00,7:55:00,567
945D0V,7:55:00,8:18:00,690
945D0V,8:18:00,8:26:00,900
945D0V,8:26:00,8:34:00,480
945D0V,8:34:00,14:59:00,491
945D0V,14:59:00,19:05:00,642
945D0V,19:05:00,19:14:00,1080
945D0V,19:14:00,19:23:00,540
945D0V,19:23:00,21:09:00,578
945D0V,21:09:00,22:40:00,915
945D0V,22:40:00,23:30:00,3000
945D0V,23:30:00,24:20:00,3000
945D0V,24:20:00,25:10:00,3000
945D1I,7:05:00,7:25:00,1200
945D1I,7:25:00,8:20:00,1100
945D1I,8:20:00,23:00:00,788
945D1I,23:00:00,27:00:00,1467
945D1V,6:45:00,7:05:00,1200
945D1V,7:05:00,8:21:00,1140
945D1V,8:21:00,20:59:00,812
945D1V,20:59:00,21:09:00,1140
945D1V,21:09:00,21:19:00,600
945D1V,21:19:00,22:03:00,660
945D1V,22:03:00,23:05:00,1240
945D1V,23:05:00,26:40:00,1463
993D2I,4:30:00,5:24:00,3240
993D2I,5:24:00,6:48:00,2520
993D2I,6:48:00,8:02:00,1480
993D2I,8:02:00,9:31:00,1068
993D2I,9:31:00,9:42:00,1320
993D2I,9:42:00,9:53:00,660
993D2I,9:53:00,22:35:00,762
993D2I,22:35:00,22:55:00,1200
993D2I,22:55:00,23:40:00,2700
993D2I,23:40:00,24:40:00,3600
993D2I,24:40:00,25:40:00,3600
993D2V,5:00:00,5:55:00,3300
993D2V,5:55:00,7:20:00,2550
993D2V,7:20:00,8:06:00,1380
993D2V,8:06:00,9:47:00,1010
993D2V,9:47:00,9:58:00,1320
993D2V,9:58:00,10:09:00,660
993D2V,10:09:00,20:13:00,771
993D2V,20:13:00,20:26:00,1500
993D2V,20:26:00,20:39:00,780
993D2V,20:39:00,22:25:00,763
993D2V,22:25:00,23:15:00,3000
993D2V,23:15:00,24:15:00,3600
993D2V,24:15:00,25:15:00,3600
993D2V,25:15:00,26:10:00,3300
993D0I,4:30:00,4:55:00,1500
993D0I,4:55:00,6:05:00,1400
993D0I,6:05:00,7:51:00,578
993D0I,7:51:00,22:33:00,404
993D0I,22:33:00,22:45:00,720
993D0I,22:45:00,23:40:00,3300
993D0I,23:40:00,24:40:00,3600
993D0I,24:40:00,25:40:00,3600
993D0V,4:30:00,5:00:00,1800
993D0V,5:00:00,5:40:00,1200
993D0V,5:40:00,6:29:00,980
993D0V,6:29:00,6:38:00,1080
993D0V,6:38:00,6:46:00,240
993D0V,6:46:00,7:00:00,840
993D0V,7:00:00,7:07:00,420
993D0V,7:07:00,7:32:00,500
993D0V,7:32:00,7:45:00,1140
993D0V,7:45:00,7:52:00,840
993D0V,7:52:00,7:59:00,420
993D0V,7:59:00,8:12:00,780
993D0V,8:12:00,8:18:00,780
993D0V,8:18:00,8:24:00,180
993D0V,8:24:00,8:37:00,780
993D0V,8:37:00,8:43:00,360
993D0V,8:43:00,20:12:00,398
993D0V,20:12:00,20:18:00,360
993D0V,20:18:00,20:24:00,1140
993D0V,20:24:00,20:30:00,360
993D0V,20:30:00,21:58:00,406
993D0V,21:58:00,22:45:00,705
993D0V,22:45:00,23:15:00,1800
993D0V,23:15:00,24:15:00,3600
993D0V,24:15:00,25:15:00,3600
993D0V,25:15:00,26:10:00,3300
993D1I,4:30:00,4:59:00,1740
993D1I,4:59:00,7:43:00,1640
993D1I,7:43:00,8:23:00,800
993D1I,8:23:00,21:19:00,656
993D1I,21:19:00,21:28:00,1140
993D1I,21:28:00,21:37:00,540
993D1I,21:37:00,22:45:00,583
993D1I,22:45:00,23:10:00,1500
993D1I,23:10:00,27:30:00,1740
993D1V,4:30:00,5:00:00,1800
993D1V,5:00:00,7:16:00,1632
993D1V,7:16:00,8:39:00,996
993D1V,8:39:00,8:49:00,1200
993D1V,8:49:00,8:59:00,600
993D1V,8:59:00,21:18:00,662
993D1V,21:18:00,21:27:00,1020
993D1V,21:27:00,21:36:00,540
993D1V,21:36:00,22:45:00,690
993D1V,22:45:00,23:15:00,1800
993D1V,23:15:00,27:05:00,1731
185D2I,4:10:00,5:02:00,3120
185D2I,5:02:00,7:16:00,2680
185D2I,7:16:00,7:58:00,1260
185D2I,7:58:00,22:45:00,717
185D2I,22:45:00,23:40:00,3300
185D2I,23:40:00,24:40:00,3600
185D2I,24:40:00,25:40:00,3600
185D2V,4:40:00,5:32:00,3120
185D2V,5:32:00,6:51:00,2370
185D2V,6:51:00,7:33:00,1260
185D2V,7:33:00,10:44:00,819
185D2V,10:44:00,10:55:00,1320
185D2V,10:55:00,11:06:00,660
185D2V,11:06:00,18:05:00,762
185D2V,18:05:00,18:16:00,1320
185D2V,18:16:00,18:28:00,720
185D2V,18:28:00,22:40:00,687
185D2V,22:40:00,23:15:00,2100
185D2V,23:15:00,24:15:00,3600
185D2V,24:15:00,25:15:00,3600
185D2V,25:15:00,26:10:00,3300
185D0I,4:10:00,5:00:00,3000
185D0I,5:00:00,6:06:00,1980
185D0I,6:06:00,7:17:00,710
185D0I,7:17:00,20:56:00,400
185D0I,20:56:00,22:45:00,594
185D0I,22:45:00,23:40:00,3300
185D0I,23:40:00,24:40:00,3600
185D0I,24:40:00,25:40:00,3600
185D0V,4:35:00,5:25:00,3000
185D0V,5:25:00,6:43:00,936
185D0V,6:43:00,6:53:00,1200
185D0V,6:53:00,7:01:00,240
185D0V,7:01:00,7:15:00,840
185D0V,7:15:00,7:22:00,420
185D0V,7:22:00,7:35:00,780
185D0V,7:35:00,7:48:00,1140
185D0V,7:48:00,7:55:00,780
185D0V,7:55:00,8:01:00,180
185D0V,8:01:00,8:14:00,780
185D0V,8:14:00,8:20:00,360
185D0V,8:20:00,8:32:00,720
185D0V,8:32:00,8:39:00,420
185D0V,8:39:00,8:45:00,1140
185D0V,8:45:00,8:51:00,360
185D0V,8:51:00,13:13:00,393
185D0V,13:13:00,13:19:00,720
185D0V,13:19:00,13:25:00,360
185D0V,13:25:00,20:14:00,402
185D0V,20:14:00,20:22:00,900
185D0V,20:22:00,20:30:00,480
185D0V,20:30:00,22:35:00,625
185D0V,22:35:00,23:15:00,1200
185D0V,23:15:00,24:15:00,3600
185D0V,24:15:00,25:15:00,3600
185D0V,25:15:00,26:10:00,3300
185D1I,4:10:00,5:02:00,3120
185D1I,5:02:00,6:23:00,2430
185D1I,6:23:00,7:08:00,1350
185D1I,7:08:00,9:05:00,878
185D1I,9:05:00,9:15:00,1140
185D1I,9:15:00,9:24:00,540
185D1I,9:24:00,23:10:00,679
185D1I,23:10:00,27:30:00,1740
185D1V,4:40:00,5:32:00,3120
185D1V,5:32:00,7:12:00,1500
185D1V,7:12:00,8:06:00,1080
185D1V,8:06:00,8:18:00,1440
185D1V,8:18:00,8:30:00,720
185D1V,8:30:00,8:52:00,1320
185D1V,8:52:00,9:03:00,1320
185D1V,9:03:00,9:13:00,600
185D1V,9:13:00,22:45:00,677
185D1V,22:45:00,23:15:00,1800
185D1V,23:15:00,27:05:00,1731
997D2I,6:55:00,7:34:00,2340
997D2I,7:34:00,17:03:00,1138
997D2I,17:03:00,17:18:00,1800
997D2I,17:18:00,17:34:00,960
997D2I,17:34:00,20:08:00,1027
997D2I,20:08:00,20:21:00,1560
997D2I,20:21:00,20:34:00,780
997D2I,20:34:00,22:20:00,789
997D2I,22:20:00,23:00:00,2400
997D2I,23:00:00,23:40:00,2400
997D2I,23:40:00,24:20:00,2400
997D2I,24:20:00,25:00:00,2400
997D2I,25:00:00,25:40:00,2400
997D2V,6:20:00,6:58:00,2280
997D2V,6:58:00,7:57:00,1770
997D2V,7:57:00,22:20:00,1018
997D2V,22:20:00,23:00:00,2400
997D2V,23:00:00,23:40:00,2400
997D2V,23:40:00,24:20:00,2400
997D2V,24:20:00,25:00:00,2400
997D2V,25:00:00,25:40:00,2400
997D0I,6:40:00,7:00:00,1200
997D0I,7:00:00,7:28:00,840
997D0I,7:28:00,20:06:00,615
997D0I,20:06:00,20:15:00,1080
997D0I,20:15:00,20:24:00,540
997D0I,20:24:00,21:57:00,620
997D0I,21:57:00,23:00:00,840
997D0I,23:00:00,23:40:00,2400
997D0I,23:40:00,24:20:00,2400
997D0I,24:20:00,25:00:00,2400
997D0I,25:00:00,25:40:00,2400
997D0V,6:00:00,6:20:00,1200
997D0V,6:20:00,7:30:00,700
997D0V,7:30:00,7:39:00,1080
997D0V,7:39:00,7:48:00,540
997D0V,7:48:00,8:28:00,600
997D0V,8:28:00,8:36:00,960
997D0V,8:36:00,8:44:00,480
997D0V,8:44:00,9:00:00,960
997D0V,9:00:00,9:08:00,960
997D0V,9:08:00,9:17:00,540
997D0V,9:17:00,19:51:00,634
997D0V,19:51:00,20:00:00,1080
997D0V,20:00:00,20:09:00,540
997D0V,20:09:00,23:00:00,583
997D0V,23:00:00,23:40:00,2400
997D0V,23:40:00,24:20:00,2400
997D0V,24:20:00,25:00:00,2400
997D0V,25:00:00,25:40:00,2400
997D1I,6:50:00,7:10:00,1200
997D1I,7:10:00,17:57:00,947
997D1I,17:57:00,18:10:00,1560
997D1I,18:10:00,18:23:00,780
997D1I,18:23:00,20:55:00,912
997D1I,20:55:00,21:07:00,1500
997D1I,21:07:00,21:19:00,720
997D1I,21:19:00,21:43:00,1440
997D1I,21:43:00,21:55:00,1440
997D1I,21:55:00,22:10:00,900
997D1I,22:10:00,23:00:00,900
997D1I,23:00:00,23:40:00,2400
997D1I,23:40:00,24:20:00,2400
997D1I,24:20:00,25:00:00,2400
997D1I,25:00:00,25:40:00,2400
997D1I,25:40:00,26:20:00,2400
997D1I,26:20:00,27:00:00,2400
997D1V,6:15:00,6:35:00,1200
997D1V,6:35:00,9:11:00,1040
997D1V,9:11:00,9:24:00,1560
997D1V,9:24:00,9:38:00,840
997D1V,9:38:00,23:00:00,885
997D1V,23:00:00,23:40:00,2400
997D1V,23:40:00,24:20:00,2400
997D1V,24:20:00,25:00:00,2400
997D1V,25:00:00,25:40:00,2400
997D1V,25:40:00,26:20:00,2400
997D1V,26:20:00,27:00:00,2400
995D2I,8:25:00,8:41:00,960
995D2I,8:41:00,22:45:00,983
995D2I,22:45:00,23:40:00,3300
995D2I,23:40:00,24:30:00,3000
995D2I,24:30:00,25:20:00,3000
995D2V,8:00:00,8:17:00,1020
995D2V,8:17:00,19:49:00,1065
995D2V,19:49:00,20:03:00,1680
995D2V,20:03:00,20:17:00,840
995D2V,20:17:00,22:15:00,773
995D2V,22:15:00,23:10:00,3300
995D2V,23:10:00,24:05:00,3300
995D2V,24:05:00,24:55:00,3000
995D2V,24:55:00,25:45:00,3000
995D0I,6:55:00,7:22:00,1620
995D0I,7:22:00,8:06:00,1320
995D0I,8:06:00,22:45:00,822
995D0I,22:45:00,23:40:00,3300
995D0I,23:40:00,24:30:00,3000
995D0I,24:30:00,25:20:00,3000
995D0V,6:30:00,6:55:00,1500
995D0V,6:55:00,7:35:00,1200
995D0V,7:35:00,9:01:00,1032
995D0V,9:01:00,9:13:00,1500
995D0V,9:13:00,9:25:00,720
995D0V,9:25:00,22:15:00,843
995D0V,22:15:00,23:10:00,3300
995D0V,23:10:00,24:05:00,3300
995D0V,24:05:00,24:55:00,3000
995D0V,24:55:00,25:45:00,3000
995D1I,7:20:00,7:50:00,1800
995D1I,7:50:00,22:45:00,829
995D1I,22:45:00,23:40:00,3300
995D1I,23:40:00,24:30:00,3000
995D1I,24:30:00,25:20:00,3000
995D1I,25:20:00,26:10:00,3000
995D1I,26:10:00,27:00:00,3000
995D1V,7:00:00,7:45:00,2700
995D1V,7:45:00,22:20:00,822
995D1V,22:20:00,23:10:00,3000
995D1V,23:10:00,24:05:00,3300
995D1V,24:05:00,24:55:00,3000
995D1V,24:55:00,25:45:00,3000
995D1V,25:45:00,26:35:00,3000
995D1V,26:35:00,27:25:00,3000
873D2I,7:00:00,7:35:00,2100
873D2I,7:35:00,8:22:00,1410
873D2I,8:22:00,22:20:00,1099
873D2V,7:00:00,7:32:00,1920
873D2V,7:32:00,8:21:00,1470
873D2V,8:21:00,21:50:00,1103
873D2V,21:50:00,22:20:00,1800
873D0I,6:30:00,6:52:00,1320
873D0I,6:52:00,8:01:00,1035
873D0I,8:01:00,8:12:00,1380
873D0I,8:12:00,8:23:00,330
873D0I,8:23:00,8:46:00,1380
873D0I,8:46:00,8:58:00,720
873D0I,8:58:00,21:26:00,787
873D0I,21:26:00,22:15:00,1260
873D0V,6:30:00,6:48:00,1080
873D0V,6:48:00,22:20:00,793
873D1I,7:00:00,7:33:00,1980
873D1I,7:33:00,21:05:00,955
873D1I,21:05:00,22:20:00,1500
873D1V,7:00:00,7:35:00,2100
873D1V,7:35:00,8:20:00,1350
873D1V,8:20:00,21:45:00,947
873D1V,21:45:00,22:15:00,1800
1032D2I,5:00:00,5:44:00,2640
1032D2I,5:44:00,8:42:00,2136
1032D2I,8:42:00,9:35:00,1590
1032D2I,9:35:00,9:51:00,1920
1032D2I,9:51:00,10:08:00,1020
1032D2I,10:08:00,22:25:00,1108
1032D2V,5:35:00,6:24:00,2940
1032D2V,6:24:00,7:33:00,2070
1032D2V,7:33:00,22:20:00,1109
1032D0I,4:30:00,4:55:00,1500
1032D0I,4:55:00,7:18:00,1073
1032D0I,7:18:00,7:49:00,930
1032D0I,7:49:00,7:59:00,1200
1032D0I,7:59:00,8:08:00,540
1032D0I,8:08:00,8:26:00,1080
1032D0I,8:26:00,8:36:00,1140
1032D0I,8:36:00,8:45:00,540
1032D0I,8:45:00,9:22:00,740
1032D0I,9:22:00,9:31:00,1080
1032D0I,9:31:00,9:40:00,540
1032D0I,9:40:00,21:34:00,621
1032D0I,21:34:00,22:30:00,840
1032D0V,5:05:00,5:35:00,1800
1032D0V,5:35:00,6:15:00,1200
1032D0V,6:15:00,7:43:00,754
1032D0V,7:43:00,8:02:00,1740
1032D0V,8:02:00,8:12:00,1140
1032D0V,8:12:00,8:22:00,600
1032D0V,8:22:00,22:20:00,627
1032D1I,4:30:00,5:15:00,2700
1032D1I,5:15:00,8:03:00,1680
1032D1I,8:03:00,9:02:00,885
1032D1I,9:02:00,9:14:00,1440
1032D1I,9:14:00,9:26:00,720
1032D1I,9:26:00,22:35:00,844
1032D1V,5:05:00,5:55:00,3000
1032D1V,5:55:00,7:46:00,1665
1032D1V,7:46:00,8:55:00,1035
1032D1V,8:55:00,9:05:00,1260
1032D1V,9:05:00,9:16:00,660
1032D1V,9:16:00,22:20:00,849
754D2I,6:00:00,6:35:00,2100
754D2I,6:35:00,8:19:00,1560
754D2I,8:19:00,11:21:00,993
754D2I,11:21:00,11:34:00,1560
754D2I,11:34:00,11:47:00,780
754D2I,11:47:00,15:05:00,914
754D2I,15:05:00,15:17:00,1440
754D2I,15:17:00,15:29:00,720
754D2I,15:29:00,20:21:00,834
754D2I,20:21:00,20:34:00,1500
754D2I,20:34:00,20:48:00,840
754D2I,20:48:00,21:08:00,1200
754D2I,21:08:00,22:30:00,1240
754D2I,22:30:00,23:30:00,3600
754D2I,23:30:00,24:30:00,3600
754D2I,24:30:00,25:30:00,3600
754D2V,6:05:00,6:35:00,1800
754D2V,6:35:00,8:50:00,1620
754D2V,8:50:00,9:33:00,1290
754D2V,9:33:00,9:48:00,1740
754D2V,9:48:00,10:03:00,900
754D2V,10:03:00,20:24:00,847
754D2V,20:24:00,20:37:00,1500
754D2V,20:37:00,20:50:00,780
754D2V,20:50:00,22:30:00,972
754D2V,22:30:00,23:30:00,3600
754D2V,23:30:00,24:30:00,3600
754D2V,24:30:00,25:30:00,3600
754D0I,5:30:00,6:05:00,2100
754D0I,6:05:00,7:08:00,756
754D0I,7:08:00,7:22:00,840
754D0I,7:22:00,7:36:00,1260
754D0I,7:36:00,7:50:00,1260
754D0I,7:50:00,8:04:00,1260
754D0I,8:04:00,8:19:00,1320
754D0I,8:19:00,8:26:00,840
754D0I,8:26:00,8:33:00,420
754D0I,8:33:00,8:46:00,780
754D0I,8:46:00,8:52:00,780
754D0I,8:52:00,9:00:00,480
754D0I,9:00:00,12:18:00,540
754D0I,12:18:00,12:26:00,960
754D0I,12:26:00,12:34:00,480
754D0I,12:34:00,18:21:00,534
754D0I,18:21:00,20:22:00,660
754D0I,20:22:00,20:31:00,1080
754D0I,20:31:00,20:40:00,540
754D0I,20:40:00,22:30:00,667
754D0I,22:30:00,23:30:00,3600
754D0I,23:30:00,24:30:00,3600
754D0I,24:30:00,25:30:00,3600
754D0V,6:00:00,6:17:00,1020
754D0V,6:17:00,7:28:00,710
754D0V,7:28:00,7:43:00,1380
754D0V,7:43:00,7:59:00,1380
754D0V,7:59:00,8:14:00,1380
754D0V,8:14:00,8:21:00,840
754D0V,8:21:00,8:29:00,480
754D0V,8:29:00,12:40:00,538
754D0V,12:40:00,12:48:00,480
754D0V,12:48:00,12:56:00,1380
754D0V,12:56:00,13:04:00,480
754D0V,13:04:00,17:05:00,556
754D0V,17:05:00,20:25:00,706
754D0V,20:25:00,20:36:00,1320
754D0V,20:36:00,20:48:00,720
754D0V,20:48:00,22:09:00,810
754D0V,22:09:00,22:30:00,1260
754D0V,22:30:00,23:30:00,3600
754D0V,23:30:00,24:30:00,3600
754D0V,24:30:00,25:30:00,3600
754D1I,6:00:00,6:33:00,1980
754D1I,6:33:00,8:28:00,1725
754D1I,8:28:00,9:45:00,1155
754D1I,9:45:00,10:00:00,1740
754D1I,10:00:00,10:15:00,900
754D1I,10:15:00,14:43:00,946
754D1I,14:43:00,14:55:00,1440
754D1I,14:55:00,15:06:00,660
754D1I,15:06:00,23:30:00,840
754D1I,23:30:00,27:00:00,1800
754D1V,6:00:00,6:33:00,1980
754D1V,6:33:00,8:27:00,1710
754D1V,8:27:00,9:47:00,1200
754D1V,9:47:00,10:01:00,1680
754D1V,10:01:00,10:15:00,840
754D1V,10:15:00,14:29:00,953
754D1V,14:29:00,14:41:00,1440
754D1V,14:41:00,14:54:00,780
754D1V,14:54:00,21:22:00,831
754D1V,21:22:00,21:37:00,1800
754D1V,21:37:00,21:52:00,900
754D1V,21:52:00,23:00:00,1360
754D1V,23:00:00,27:00:00,1800
994D2I,6:40:00,7:28:00,2880
994D2I,7:28:00,9:08:00,1500
994D2I,9:08:00,19:15:00,934
994D2I,19:15:00,19:27:00,1380
994D2I,19:27:00,19:39:00,720
994D2I,19:39:00,22:20:00,805
994D2I,22:20:00,22:40:00,1200
994D2I,22:40:00,23:20:00,2400
994D2I,23:20:00,24:00:00,2400
994D2I,24:00:00,24:40:00,2400
994D2I,24:40:00,25:20:00,2400
994D2V,6:00:00,6:45:00,2700
994D2V,6:45:00,8:24:00,1485
994D2V,8:24:00,23:00:00,876
994D2V,23:00:00,23:20:00,1200
994D2V,23:20:00,24:00:00,2400
994D2V,24:00:00,24:40:00,2400
994D2V,24:40:00,25:20:00,2400
994D0I,6:10:00,6:35:00,1500
994D0I,6:35:00,7:33:00,696
994D0I,7:33:00,15:18:00,382
994D0I,15:18:00,19:01:00,535
994D0I,19:01:00,19:08:00,840
994D0I,19:08:00,19:15:00,420
994D0I,19:15:00,19:43:00,560
994D0I,19:43:00,19:50:00,840
994D0I,19:50:00,19:58:00,480
994D0I,19:58:00,22:40:00,551
994D0I,22:40:00,23:20:00,2400
994D0I,23:20:00,24:00:00,2400
994D0I,24:00:00,24:40:00,2400
994D0I,24:40:00,25:20:00,2400
994D0V,5:30:00,5:55:00,1500
994D0V,5:55:00,6:50:00,660
994D0V,6:50:00,7:32:00,360
994D0V,7:32:00,7:37:00,600
994D0V,7:37:00,7:42:00,300
994D0V,7:42:00,8:00:00,540
994D0V,8:00:00,8:12:00,1080
994D0V,8:12:00,8:24:00,1080
994D0V,8:24:00,8:30:00,720
994D0V,8:30:00,8:36:00,360
994D0V,8:36:00,8:48:00,720
994D0V,8:48:00,8:54:00,720
994D0V,8:54:00,9:00:00,360
994D0V,9:00:00,22:20:00,453
994D0V,22:20:00,22:40:00,1200
994D0V,22:40:00,23:20:00,2400
994D0V,23:20:00,24:00:00,2400
994D0V,24:00:00,24:40:00,2400
994D0V,24:40:00,25:20:00,2400
994D1I,6:05:00,6:50:00,2700
994D1I,6:50:00,8:32:00,1530
994D1I,8:32:00,21:14:00,896
994D1I,21:14:00,21:25:00,1320
994D1I,21:25:00,21:36:00,660
994D1I,21:36:00,22:40:00,768
994D1I,22:40:00,23:10:00,1800
994D1I,23:10:00,27:00:00,1714
994D1V,5:30:00,6:10:00,2400
994D1V,6:10:00,8:18:00,1280
994D1V,8:18:00,9:40:00,984
994D1V,9:40:00,9:53:00,1560
994D1V,9:53:00,10:06:00,780
994D1V,10:06:00,15:53:00,905
994D1V,15:53:00,16:06:00,1560
994D1V,16:06:00,16:20:00,840
994D1V,16:20:00,21:00:00,884
994D1V,21:00:00,21:12:00,1440
994D1V,21:12:00,21:24:00,720
994D1V,21:24:00,22:40:00,912
994D1V,22:40:00,23:55:00,1500
994D1V,23:55:00,27:10:00,1700
1018D2I,6:00:00,6:23:00,1380
1018D2I,6:23:00,7:21:00,1160
1018D2I,7:21:00,20:59:00,591
1018D2I,20:59:00,22:08:00,840
1018D2V,6:15:00,6:39:00,1440
1018D2V,6:39:00,7:37:00,1160
1018D2V,7:37:00,20:49:00,594
1018D2V,20:49:00,22:00:00,855
1018D0I,6:00:00,6:25:00,1500
1018D0I,6:25:00,6:50:00,750
1018D0I,6:50:00,21:03:00,478
1018D0I,21:03:00,22:00:00,780
1018D0V,6:17:00,6:42:00,1500
1018D0V,6:42:00,7:07:00,750
1018D0V,7:07:00,20:54:00,482
1018D0V,20:54:00,21:50:00,800
1018D1I,6:00:00,6:23:00,1380
1018D1I,6:23:00,7:21:00,1160
1018D1I,7:21:00,20:59:00,591
1018D1I,20:59:00,22:08:00,840
1018D1V,6:15:00,6:39:00,1440
1018D1V,6:39:00,7:37:00,1160
1018D1V,7:37:00,20:49:00,594
1018D1V,20:49:00,22:00:00,855
